Defending Type,Nor,Fir,Wat,Ele,Gra,Ice,Fig,Poi,Gro,Fly,Psy,Bug,Roc,Gho,Dra,Dar,Ste,Fai
normal,- ,- ,- ,- ,- ,- ,2,- ,- ,- ,- ,- ,- ,0,- ,- ,- ,- 
normal fire,- ,1/2,2,- ,1/2,1/2,2,- ,2,- ,- ,1/2,2,0,- ,- ,1/2,1/2
normal water,- ,1/2,1/2,2,2,1/2,2,- ,- ,- ,- ,- ,- ,0,- ,- ,1/2,- 
normal electric,- ,- ,- ,1/2,- ,- ,2,- ,2,1/2,- ,- ,- ,0,- ,- ,1/2,- 
normal grass,- ,2,1/2,1/2,1/2,2,2,2,1/2,2,- ,2,- ,0,- ,- ,- ,- 
normal ice,- ,2,- ,- ,- ,1/2,4,- ,- ,- ,- ,- ,2,0,- ,- ,2,- 
normal fighting,- ,- ,- ,- ,- ,- ,2,- ,- ,2,2,1/2,1/2,0,- ,1/2,- ,2
normal poison,- ,- ,- ,- ,1/2,- ,- ,1/2,2,- ,2,1/2,- ,0,- ,- ,- ,1/2
normal ground,- ,- ,2,0,2,2,2,1/2,- ,- ,- ,- ,1/2,0,- ,- ,- ,- 
normal flying,- ,- ,- ,2,1/2,2,- ,- ,0,- ,- ,1/2,2,0,- ,- ,- ,- 
normal psychic,- ,- ,- ,- ,- ,- ,- ,- ,- ,- ,1/2,2,- ,0,- ,2,- ,- 
normal bug,- ,2,- ,- ,1/2,- ,- ,- ,1/2,2,- ,- ,2,0,- ,- ,- ,- 
normal rock,1/2,1/2,2,- ,2,- ,4,1/2,2,1/2,- ,- ,- ,0,- ,- ,2,- 
normal ghost,0,- ,- ,- ,- ,- ,0,1/2,- ,- ,- ,1/2,- ,0,- ,2,- ,- 
normal dragon,- ,1/2,1/2,1/2,1/2,2,2,- ,- ,- ,- ,- ,- ,0,2,- ,- ,2
normal dark,- ,- ,- ,- ,- ,- ,4,- ,- ,- ,0,2,- ,0,- ,1/2,- ,2
normal steel,1/2,2,- ,- ,1/2,1/2,4,0,2,1/2,1/2,1/2,1/2,0,1/2,- ,1/2,1/2
normal fairy,- ,- ,- ,- ,- ,- ,- ,2,- ,- ,- ,1/2,- ,0,0,1/2,2,- 
attack → defense ↴,nor,fir,wat,ele,gra,ice,fig,poi,gro,fly,psy,bug,roc,gho,dra,dar,ste,fai
fire,- ,1/2,2,- ,1/2,1/2,- ,- ,2,- ,- ,1/2,2,- ,- ,- ,1/2,1/2
fire normal,- ,1/2,2,- ,1/2,1/2,2,- ,2,- ,- ,1/2,2,0,- ,- ,1/2,1/2
fire water,- ,1/4,- ,2,- ,1/4,- ,- ,2,- ,- ,1/2,2,- ,- ,- ,1/4,1/2
fire electric,- ,1/2,2,1/2,1/2,1/2,- ,- ,4,1/2,- ,1/2,2,- ,- ,- ,1/4,1/2
fire grass,- ,- ,- ,1/2,1/4,- ,- ,2,- ,2,- ,- ,2,- ,- ,- ,1/2,1/2
fire ice,- ,- ,2,- ,1/2,1/4,2,- ,2,- ,- ,1/2,4,- ,- ,- ,- ,1/2
fire fighting,- ,1/2,2,- ,1/2,1/2,- ,- ,2,2,2,1/4,- ,- ,- ,1/2,1/2,- 
fire poison,- ,1/2,2,- ,1/4,1/2,1/2,1/2,4,- ,2,1/4,2,- ,- ,- ,1/2,1/4
fire ground,- ,1/2,4,0,- ,- ,- ,1/2,2,- ,- ,1/2,- ,- ,- ,- ,1/2,1/2
fire flying,- ,1/2,2,2,1/4,- ,1/2,- ,0,- ,- ,1/4,4,- ,- ,- ,1/2,1/2
fire psychic,- ,1/2,2,- ,1/2,1/2,1/2,- ,2,- ,1/2,- ,2,2,- ,2,1/2,1/2
fire bug,- ,- ,2,- ,1/4,1/2,1/2,- ,- ,2,- ,1/2,4,- ,- ,- ,1/2,1/2
fire rock,1/2,1/4,4,- ,- ,1/2,2,1/2,4,1/2,- ,1/2,2,- ,- ,- ,- ,1/2
fire ghost,0,1/2,2,- ,1/2,1/2,0,1/2,2,- ,- ,1/4,2,2,- ,2,1/2,1/2
fire dragon,- ,1/4,- ,1/2,1/4,- ,- ,- ,2,- ,- ,1/2,2,- ,2,- ,1/2,- 
fire dark,- ,1/2,2,- ,1/2,1/2,2,- ,2,- ,0,- ,2,1/2,- ,1/2,1/2,- 
fire steel,1/2,- ,2,- ,1/4,1/4,2,0,4,1/2,1/2,1/4,- ,- ,1/2,- ,1/4,1/4
fire fairy,- ,1/2,2,- ,1/2,1/2,1/2,2,2,- ,- ,1/4,2,- ,0,1/2,- ,1/2
attack → defense ↴,nor,fir,wat,ele,gra,ice,fig,poi,gro,fly,psy,bug,roc,gho,dra,dar,ste,fai
water,- ,1/2,1/2,2,2,1/2,- ,- ,- ,- ,- ,- ,- ,- ,- ,- ,1/2,- 
water normal,- ,1/2,1/2,2,2,1/2,2,- ,- ,- ,- ,- ,- ,0,- ,- ,1/2,- 
water fire,- ,1/4,- ,2,- ,1/4,- ,- ,2,- ,- ,1/2,2,- ,- ,- ,1/4,1/2
water electric,- ,1/2,1/2,- ,2,1/2,- ,- ,2,1/2,- ,- ,- ,- ,- ,- ,1/4,- 
water grass,- ,- ,1/4,- ,- ,- ,- ,2,1/2,2,- ,2,- ,- ,- ,- ,1/2,- 
water ice,- ,- ,1/2,2,2,1/4,2,- ,- ,- ,- ,- ,2,- ,- ,- ,- ,- 
water fighting,- ,1/2,1/2,2,2,1/2,- ,- ,- ,2,2,1/2,1/2,- ,- ,1/2,1/2,2
water poison,- ,1/2,1/2,2,- ,1/2,1/2,1/2,2,- ,2,1/2,- ,- ,- ,- ,1/2,1/2
water ground,- ,1/2,- ,0,4,- ,- ,1/2,- ,- ,- ,- ,1/2,- ,- ,- ,1/2,- 
water flying,- ,1/2,1/2,4,- ,- ,1/2,- ,0,- ,- ,1/2,2,- ,- ,- ,1/2,- 
water psychic,- ,1/2,1/2,2,2,1/2,1/2,- ,- ,- ,1/2,2,- ,2,- ,2,1/2,- 
water bug,- ,- ,1/2,2,- ,1/2,1/2,- ,1/2,2,- ,- ,2,- ,- ,- ,1/2,- 
water rock,1/2,1/4,- ,2,4,1/2,2,1/2,2,1/2,- ,- ,- ,- ,- ,- ,- ,- 
water ghost,0,1/2,1/2,2,2,1/2,0,1/2,- ,- ,- ,1/2,- ,2,- ,2,1/2,- 
water dragon,- ,1/4,1/4,- ,- ,- ,- ,- ,- ,- ,- ,- ,- ,- ,2,- ,1/2,2
water dark,- ,1/2,1/2,2,2,1/2,2,- ,- ,- ,0,2,- ,1/2,- ,1/2,1/2,2
water steel,1/2,- ,1/2,2,- ,1/4,2,0,2,1/2,1/2,1/2,1/2,- ,1/2,- ,1/4,1/2
water fairy,- ,1/2,1/2,2,2,1/2,1/2,2,- ,- ,- ,1/2,- ,- ,0,1/2,- ,- 
attack → defense ↴,nor,fir,wat,ele,gra,ice,fig,poi,gro,fly,psy,bug,roc,gho,dra,dar,ste,fai
electric,- ,- ,- ,1/2,- ,- ,- ,- ,2,1/2,- ,- ,- ,- ,- ,- ,1/2,- 
electric normal,- ,- ,- ,1/2,- ,- ,2,- ,2,1/2,- ,- ,- ,0,- ,- ,1/2,- 
electric fire,- ,1/2,2,1/2,1/2,1/2,- ,- ,4,1/2,- ,1/2,2,- ,- ,- ,1/4,1/2
electric water,- ,1/2,1/2,- ,2,1/2,- ,- ,2,1/2,- ,- ,- ,- ,- ,- ,1/4,- 
electric grass,- ,2,1/2,1/4,1/2,2,- ,2,- ,- ,- ,2,- ,- ,- ,- ,1/2,- 
electric ice,- ,2,- ,1/2,- ,1/2,2,- ,2,1/2,- ,- ,2,- ,- ,- ,- ,- 
electric fighting,- ,- ,- ,1/2,- ,- ,- ,- ,2,- ,2,1/2,1/2,- ,- ,1/2,1/2,2
electric poison,- ,- ,- ,1/2,1/2,- ,1/2,1/2,4,1/2,2,1/2,- ,- ,- ,- ,1/2,1/2
electric ground,- ,- ,2,0,2,2,- ,1/2,2,1/2,- ,- ,1/2,- ,- ,- ,1/2,- 
electric flying,- ,- ,- ,- ,1/2,2,1/2,- ,0,1/2,- ,1/2,2,- ,- ,- ,1/2,- 
electric psychic,- ,- ,- ,1/2,- ,- ,1/2,- ,2,1/2,1/2,2,- ,2,- ,2,1/2,- 
electric bug,- ,2,- ,1/2,1/2,- ,1/2,- ,- ,- ,- ,- ,2,- ,- ,- ,1/2,- 
electric rock,1/2,1/2,2,1/2,2,- ,2,1/2,4,1/4,- ,- ,- ,- ,- ,- ,- ,- 
electric ghost,0,- ,- ,1/2,- ,- ,0,1/2,2,1/2,- ,1/2,- ,2,- ,2,1/2,- 
electric dragon,- ,1/2,1/2,1/4,1/2,2,- ,- ,2,1/2,- ,- ,- ,- ,2,- ,1/2,2
electric dark,- ,- ,- ,1/2,- ,- ,2,- ,2,1/2,0,2,- ,1/2,- ,1/2,1/2,2
electric steel,1/2,2,- ,1/2,1/2,1/2,2,0,4,1/4,1/2,1/2,1/2,- ,1/2,- ,1/4,1/2
electric fairy,- ,- ,- ,1/2,- ,- ,1/2,2,2,1/2,- ,1/2,- ,- ,0,1/2,- ,- 
attack → defense ↴,nor,fir,wat,ele,gra,ice,fig,poi,gro,fly,psy,bug,roc,gho,dra,dar,ste,fai
grass,- ,2,1/2,1/2,1/2,2,- ,2,1/2,2,- ,2,- ,- ,- ,- ,- ,- 
grass normal,- ,2,1/2,1/2,1/2,2,2,2,1/2,2,- ,2,- ,0,- ,- ,- ,- 
grass fire,- ,- ,- ,1/2,1/4,- ,- ,2,- ,2,- ,- ,2,- ,- ,- ,1/2,1/2
grass water,- ,- ,1/4,- ,- ,- ,- ,2,1/2,2,- ,2,- ,- ,- ,- ,1/2,- 
grass electric,- ,2,1/2,1/4,1/2,2,- ,2,- ,- ,- ,2,- ,- ,- ,- ,1/2,- 
grass ice,- ,4,1/2,1/2,1/2,- ,2,2,1/2,2,- ,2,2,- ,- ,- ,2,- 
grass fighting,- ,2,1/2,1/2,1/2,2,- ,2,1/2,4,2,- ,1/2,- ,- ,1/2,- ,2
grass poison,- ,2,1/2,1/2,1/4,2,1/2,- ,- ,2,2,- ,- ,- ,- ,- ,- ,1/2
grass ground,- ,2,- ,0,- ,4,- ,- ,1/2,2,- ,2,1/2,- ,- ,- ,- ,- 
grass flying,- ,2,1/2,- ,1/4,4,1/2,2,0,2,- ,- ,2,- ,- ,- ,- ,- 
grass psychic,- ,2,1/2,1/2,1/2,2,1/2,2,1/2,2,1/2,4,- ,2,- ,2,- ,- 
grass bug,- ,4,1/2,1/2,1/4,2,1/2,2,1/4,4,- ,2,2,- ,- ,- ,- ,- 
grass rock,1/2,- ,- ,1/2,- ,2,2,- ,- ,- ,- ,2,- ,- ,- ,- ,2,- 
grass ghost,0,2,1/2,1/2,1/2,2,0,- ,1/2,2,- ,- ,- ,2,- ,2,- ,- 
grass dragon,- ,- ,1/4,1/4,1/4,4,- ,2,1/2,2,- ,2,- ,- ,2,- ,- ,2
grass dark,- ,2,1/2,1/2,1/2,2,2,2,1/2,2,0,4,- ,1/2,- ,1/2,- ,2
grass steel,1/2,4,1/2,1/2,1/4,- ,2,0,- ,- ,1/2,- ,1/2,- ,1/2,- ,1/2,1/2
grass fairy,- ,2,1/2,1/2,1/2,2,1/2,4,1/2,2,- ,- ,- ,- ,0,1/2,2,- 
attack → defense ↴,nor,fir,wat,ele,gra,ice,fig,poi,gro,fly,psy,bug,roc,gho,dra,dar,ste,fai
ice,- ,2,- ,- ,- ,1/2,2,- ,- ,- ,- ,- ,2,- ,- ,- ,2,- 
ice normal,- ,2,- ,- ,- ,1/2,4,- ,- ,- ,- ,- ,2,0,- ,- ,2,- 
ice fire,- ,- ,2,- ,1/2,1/4,2,- ,2,- ,- ,1/2,4,- ,- ,- ,- ,1/2
ice water,- ,- ,1/2,2,2,1/4,2,- ,- ,- ,- ,- ,2,- ,- ,- ,- ,- 
ice electric,- ,2,- ,1/2,- ,1/2,2,- ,2,1/2,- ,- ,2,- ,- ,- ,- ,- 
ice grass,- ,4,1/2,1/2,1/2,- ,2,2,1/2,2,- ,2,2,- ,- ,- ,2,- 
ice fighting,- ,2,- ,- ,- ,1/2,2,- ,- ,2,2,1/2,- ,- ,- ,1/2,2,2
ice poison,- ,2,- ,- ,1/2,1/2,- ,1/2,2,- ,2,1/2,2,- ,- ,- ,2,1/2
ice ground,- ,2,2,0,2,- ,2,1/2,- ,- ,- ,- ,- ,- ,- ,- ,2,- 
ice flying,- ,2,- ,2,1/2,- ,- ,- ,0,- ,- ,1/2,4,- ,- ,- ,2,- 
ice psychic,- ,2,- ,- ,- ,1/2,- ,- ,- ,- ,1/2,2,2,2,- ,2,2,- 
ice bug,- ,4,- ,- ,1/2,1/2,- ,- ,1/2,2,- ,- ,4,- ,- ,- ,2,- 
ice rock,1/2,- ,2,- ,2,1/2,4,1/2,2,1/2,- ,- ,2,- ,- ,- ,4,- 
ice ghost,0,2,- ,- ,- ,1/2,0,1/2,- ,- ,- ,1/2,2,2,- ,2,2,- 
ice dragon,- ,- ,1/2,1/2,1/2,- ,2,- ,- ,- ,- ,- ,2,- ,2,- ,2,2
ice dark,- ,2,- ,- ,- ,1/2,4,- ,- ,- ,0,2,2,1/2,- ,1/2,2,2
ice steel,1/2,4,- ,- ,1/2,1/4,4,0,2,1/2,1/2,1/2,- ,- ,1/2,- ,- ,1/2
ice fairy,- ,2,- ,- ,- ,1/2,- ,2,- ,- ,- ,1/2,2,- ,0,1/2,4,- 
attack → defense ↴,nor,fir,wat,ele,gra,ice,fig,poi,gro,fly,psy,bug,roc,gho,dra,dar,ste,fai
fighting,- ,- ,- ,- ,- ,- ,- ,- ,- ,2,2,1/2,1/2,- ,- ,1/2,- ,2
fighting normal,- ,- ,- ,- ,- ,- ,2,- ,- ,2,2,1/2,1/2,0,- ,1/2,- ,2
fighting fire,- ,1/2,2,- ,1/2,1/2,- ,- ,2,2,2,1/4,- ,- ,- ,1/2,1/2,- 
fighting water,- ,1/2,1/2,2,2,1/2,- ,- ,- ,2,2,1/2,1/2,- ,- ,1/2,1/2,2
fighting electric,- ,- ,- ,1/2,- ,- ,- ,- ,2,- ,2,1/2,1/2,- ,- ,1/2,1/2,2
fighting grass,- ,2,1/2,1/2,1/2,2,- ,2,1/2,4,2,- ,1/2,- ,- ,1/2,- ,2
fighting ice,- ,2,- ,- ,- ,1/2,2,- ,- ,2,2,1/2,- ,- ,- ,1/2,2,2
fighting poison,- ,- ,- ,- ,1/2,- ,1/2,1/2,2,2,4,1/4,1/2,- ,- ,1/2,- ,- 
fighting ground,- ,- ,2,0,2,2,- ,1/2,- ,2,2,1/2,1/4,- ,- ,1/2,- ,2
fighting flying,- ,- ,- ,2,1/2,2,1/2,- ,0,2,2,1/4,- ,- ,- ,1/2,- ,2
fighting psychic,- ,- ,- ,- ,- ,- ,1/2,- ,- ,2,- ,- ,1/2,2,- ,- ,- ,2
fighting bug,- ,2,- ,- ,1/2,- ,1/2,- ,1/2,4,2,1/2,- ,- ,- ,1/2,- ,2
fighting rock,1/2,1/2,2,- ,2,- ,2,1/2,2,- ,2,1/2,1/2,- ,- ,1/2,2,2
fighting ghost,0,- ,- ,- ,- ,- ,0,1/2,- ,2,2,1/4,1/2,2,- ,- ,- ,2
fighting dragon,- ,1/2,1/2,1/2,1/2,2,- ,- ,- ,2,2,1/2,1/2,- ,2,1/2,- ,4
fighting dark,- ,- ,- ,- ,- ,- ,2,- ,- ,2,0,- ,1/2,1/2,- ,1/4,- ,4
fighting steel,1/2,2,- ,- ,1/2,1/2,2,0,2,- ,- ,1/4,1/4,- ,1/2,1/2,1/2,- 
fighting fairy,- ,- ,- ,- ,- ,- ,1/2,2,- ,2,2,1/4,1/2,- ,0,1/4,2,2
attack → defense ↴,nor,fir,wat,ele,gra,ice,fig,poi,gro,fly,psy,bug,roc,gho,dra,dar,ste,fai
poison,- ,- ,- ,- ,1/2,- ,1/2,1/2,2,- ,2,1/2,- ,- ,- ,- ,- ,1/2
poison normal,- ,- ,- ,- ,1/2,- ,- ,1/2,2,- ,2,1/2,- ,0,- ,- ,- ,1/2
poison fire,- ,1/2,2,- ,1/4,1/2,1/2,1/2,4,- ,2,1/4,2,- ,- ,- ,1/2,1/4
poison water,- ,1/2,1/2,2,- ,1/2,1/2,1/2,2,- ,2,1/2,- ,- ,- ,- ,1/2,1/2
poison electric,- ,- ,- ,1/2,1/2,- ,1/2,1/2,4,1/2,2,1/2,- ,- ,- ,- ,1/2,1/2
poison grass,- ,2,1/2,1/2,1/4,2,1/2,- ,- ,2,2,- ,- ,- ,- ,- ,- ,1/2
poison ice,- ,2,- ,- ,1/2,1/2,- ,1/2,2,- ,2,1/2,2,- ,- ,- ,2,1/2
poison fighting,- ,- ,- ,- ,1/2,- ,1/2,1/2,2,2,4,1/4,1/2,- ,- ,1/2,- ,- 
poison ground,- ,- ,2,0,- ,2,1/2,1/4,2,- ,2,1/2,1/2,- ,- ,- ,- ,1/2
poison flying,- ,- ,- ,2,1/4,2,1/4,1/2,0,- ,2,1/4,2,- ,- ,- ,- ,1/2
poison psychic,- ,- ,- ,- ,1/2,- ,1/4,1/2,2,- ,- ,- ,- ,2,- ,2,- ,1/2
poison bug,- ,2,- ,- ,1/4,- ,1/4,1/2,- ,2,2,1/2,2,- ,- ,- ,- ,1/2
poison rock,1/2,1/2,2,- ,- ,- ,- ,1/4,4,1/2,2,1/2,- ,- ,- ,- ,2,1/2
poison ghost,0,- ,- ,- ,1/2,- ,0,1/4,2,- ,2,1/4,- ,2,- ,2,- ,1/2
poison dragon,- ,1/2,1/2,1/2,1/4,2,1/2,1/2,2,- ,2,1/2,- ,- ,2,- ,- ,- 
poison dark,- ,- ,- ,- ,1/2,- ,- ,1/2,2,- ,0,- ,- ,1/2,- ,1/2,- ,- 
poison steel,1/2,2,- ,- ,1/4,1/2,- ,0,4,1/2,- ,1/4,1/2,- ,1/2,- ,1/2,1/4
poison fairy,- ,- ,- ,- ,1/2,- ,1/4,- ,2,- ,2,1/4,- ,- ,0,1/2,2,1/2
attack → defense ↴,nor,fir,wat,ele,gra,ice,fig,poi,gro,fly,psy,bug,roc,gho,dra,dar,ste,fai
ground,- ,- ,2,0,2,2,- ,1/2,- ,- ,- ,- ,1/2,- ,- ,- ,- ,- 
ground normal,- ,- ,2,0,2,2,2,1/2,- ,- ,- ,- ,1/2,0,- ,- ,- ,- 
ground fire,- ,1/2,4,0,- ,- ,- ,1/2,2,- ,- ,1/2,- ,- ,- ,- ,1/2,1/2
ground water,- ,1/2,- ,0,4,- ,- ,1/2,- ,- ,- ,- ,1/2,- ,- ,- ,1/2,- 
ground electric,- ,- ,2,0,2,2,- ,1/2,2,1/2,- ,- ,1/2,- ,- ,- ,1/2,- 
ground grass,- ,2,- ,0,- ,4,- ,- ,1/2,2,- ,2,1/2,- ,- ,- ,- ,- 
ground ice,- ,2,2,0,2,- ,2,1/2,- ,- ,- ,- ,- ,- ,- ,- ,2,- 
ground fighting,- ,- ,2,0,2,2,- ,1/2,- ,2,2,1/2,1/4,- ,- ,1/2,- ,2
ground poison,- ,- ,2,0,- ,2,1/2,1/4,2,- ,2,1/2,1/2,- ,- ,- ,- ,1/2
ground flying,- ,- ,2,0,- ,4,1/2,1/2,0,- ,- ,1/2,- ,- ,- ,- ,- ,- 
ground psychic,- ,- ,2,0,2,2,1/2,1/2,- ,- ,1/2,2,1/2,2,- ,2,- ,- 
ground bug,- ,2,2,0,- ,2,1/2,1/2,1/2,2,- ,- ,- ,- ,- ,- ,- ,- 
ground rock,1/2,1/2,4,0,4,2,2,1/4,2,1/2,- ,- ,1/2,- ,- ,- ,2,- 
ground ghost,0,- ,2,0,2,2,0,1/4,- ,- ,- ,1/2,1/2,2,- ,2,- ,- 
ground dragon,- ,1/2,- ,0,- ,4,- ,1/2,- ,- ,- ,- ,1/2,- ,2,- ,- ,2
ground dark,- ,- ,2,0,2,2,2,1/2,- ,- ,0,2,1/2,1/2,- ,1/2,- ,2
ground steel,1/2,2,2,0,- ,- ,2,0,2,1/2,1/2,1/2,1/4,- ,1/2,- ,1/2,1/2
ground fairy,- ,- ,2,0,2,2,1/2,- ,- ,- ,- ,1/2,1/2,- ,0,1/2,2,- 
attack → defense ↴,nor,fir,wat,ele,gra,ice,fig,poi,gro,fly,psy,bug,roc,gho,dra,dar,ste,fai
flying,- ,- ,- ,2,1/2,2,1/2,- ,0,- ,- ,1/2,2,- ,- ,- ,- ,- 
flying normal,- ,- ,- ,2,1/2,2,- ,- ,0,- ,- ,1/2,2,0,- ,- ,- ,- 
flying fire,- ,1/2,2,2,1/4,- ,1/2,- ,0,- ,- ,1/4,4,- ,- ,- ,1/2,1/2
flying water,- ,1/2,1/2,4,- ,- ,1/2,- ,0,- ,- ,1/2,2,- ,- ,- ,1/2,- 
flying electric,- ,- ,- ,- ,1/2,2,1/2,- ,0,1/2,- ,1/2,2,- ,- ,- ,1/2,- 
flying grass,- ,2,1/2,- ,1/4,4,1/2,2,0,2,- ,- ,2,- ,- ,- ,- ,- 
flying ice,- ,2,- ,2,1/2,- ,- ,- ,0,- ,- ,1/2,4,- ,- ,- ,2,- 
flying fighting,- ,- ,- ,2,1/2,2,1/2,- ,0,2,2,1/4,- ,- ,- ,1/2,- ,2
flying poison,- ,- ,- ,2,1/4,2,1/4,1/2,0,- ,2,1/4,2,- ,- ,- ,- ,1/2
flying ground,- ,- ,2,0,- ,4,1/2,1/2,0,- ,- ,1/2,- ,- ,- ,- ,- ,- 
flying psychic,- ,- ,- ,2,1/2,2,1/4,- ,0,- ,1/2,- ,2,2,- ,2,- ,- 
flying bug,- ,2,- ,2,1/4,2,1/4,- ,0,2,- ,1/2,4,- ,- ,- ,- ,- 
flying rock,1/2,1/2,2,2,- ,2,- ,1/2,0,1/2,- ,1/2,2,- ,- ,- ,2,- 
flying ghost,0,- ,- ,2,1/2,2,0,1/2,0,- ,- ,1/4,2,2,- ,2,- ,- 
flying dragon,- ,1/2,1/2,- ,1/4,4,1/2,- ,0,- ,- ,1/2,2,- ,2,- ,- ,2
flying dark,- ,- ,- ,2,1/2,2,- ,- ,0,- ,0,- ,2,1/2,- ,1/2,- ,2
flying steel,1/2,2,- ,2,1/4,- ,- ,0,0,1/2,1/2,1/4,- ,- ,1/2,- ,1/2,1/2
flying fairy,- ,- ,- ,2,1/2,2,1/4,2,0,- ,- ,1/4,2,- ,0,1/2,2,- 
attack → defense ↴,nor,fir,wat,ele,gra,ice,fig,poi,gro,fly,psy,bug,roc,gho,dra,dar,ste,fai
psychic,- ,- ,- ,- ,- ,- ,1/2,- ,- ,- ,1/2,2,- ,2,- ,2,- ,- 
psychic normal,- ,- ,- ,- ,- ,- ,- ,- ,- ,- ,1/2,2,- ,0,- ,2,- ,- 
psychic fire,- ,1/2,2,- ,1/2,1/2,1/2,- ,2,- ,1/2,- ,2,2,- ,2,1/2,1/2
psychic water,- ,1/2,1/2,2,2,1/2,1/2,- ,- ,- ,1/2,2,- ,2,- ,2,1/2,- 
psychic electric,- ,- ,- ,1/2,- ,- ,1/2,- ,2,1/2,1/2,2,- ,2,- ,2,1/2,- 
psychic grass,- ,2,1/2,1/2,1/2,2,1/2,2,1/2,2,1/2,4,- ,2,- ,2,- ,- 
psychic ice,- ,2,- ,- ,- ,1/2,- ,- ,- ,- ,1/2,2,2,2,- ,2,2,- 
psychic fighting,- ,- ,- ,- ,- ,- ,1/2,- ,- ,2,- ,- ,1/2,2,- ,- ,- ,2
psychic poison,- ,- ,- ,- ,1/2,- ,1/4,1/2,2,- ,- ,- ,- ,2,- ,2,- ,1/2
psychic ground,- ,- ,2,0,2,2,1/2,1/2,- ,- ,1/2,2,1/2,2,- ,2,- ,- 
psychic flying,- ,- ,- ,2,1/2,2,1/4,- ,0,- ,1/2,- ,2,2,- ,2,- ,- 
psychic bug,- ,2,- ,- ,1/2,- ,1/4,- ,1/2,2,1/2,2,2,2,- ,2,- ,- 
psychic rock,1/2,1/2,2,- ,2,- ,- ,1/2,2,1/2,1/2,2,- ,2,- ,2,2,- 
psychic ghost,0,- ,- ,- ,- ,- ,0,1/2,- ,- ,1/2,- ,- ,4,- ,4,- ,- 
psychic dragon,- ,1/2,1/2,1/2,1/2,2,1/2,- ,- ,- ,1/2,2,- ,2,2,2,- ,2
psychic dark,- ,- ,- ,- ,- ,- ,- ,- ,- ,- ,0,4,- ,- ,- ,- ,- ,2
psychic steel,1/2,2,- ,- ,1/2,1/2,- ,0,2,1/2,1/4,- ,1/2,2,1/2,2,1/2,1/2
psychic fairy,- ,- ,- ,- ,- ,- ,1/4,2,- ,- ,1/2,- ,- ,2,0,- ,2,- 
attack → defense ↴,nor,fir,wat,ele,gra,ice,fig,poi,gro,fly,psy,bug,roc,gho,dra,dar,ste,fai
bug,- ,2,- ,- ,1/2,- ,1/2,- ,1/2,2,- ,- ,2,- ,- ,- ,- ,- 
bug normal,- ,2,- ,- ,1/2,- ,- ,- ,1/2,2,- ,- ,2,0,- ,- ,- ,- 
bug fire,- ,- ,2,- ,1/4,1/2,1/2,- ,- ,2,- ,1/2,4,- ,- ,- ,1/2,1/2
bug water,- ,- ,1/2,2,- ,1/2,1/2,- ,1/2,2,- ,- ,2,- ,- ,- ,1/2,- 
bug electric,- ,2,- ,1/2,1/2,- ,1/2,- ,- ,- ,- ,- ,2,- ,- ,- ,1/2,- 
bug grass,- ,4,1/2,1/2,1/4,2,1/2,2,1/4,4,- ,2,2,- ,- ,- ,- ,- 
bug ice,- ,4,- ,- ,1/2,1/2,- ,- ,1/2,2,- ,- ,4,- ,- ,- ,2,- 
bug fighting,- ,2,- ,- ,1/2,- ,1/2,- ,1/2,4,2,1/2,- ,- ,- ,1/2,- ,2
bug poison,- ,2,- ,- ,1/4,- ,1/4,1/2,- ,2,2,1/2,2,- ,- ,- ,- ,1/2
bug ground,- ,2,2,0,- ,2,1/2,1/2,1/2,2,- ,- ,- ,- ,- ,- ,- ,- 
bug flying,- ,2,- ,2,1/4,2,1/4,- ,0,2,- ,1/2,4,- ,- ,- ,- ,- 
bug psychic,- ,2,- ,- ,1/2,- ,1/4,- ,1/2,2,1/2,2,2,2,- ,2,- ,- 
bug rock,1/2,- ,2,- ,- ,- ,- ,1/2,- ,- ,- ,- ,2,- ,- ,- ,2,- 
bug ghost,0,2,- ,- ,1/2,- ,0,1/2,1/2,2,- ,1/2,2,2,- ,2,- ,- 
bug dragon,- ,- ,1/2,1/2,1/4,2,1/2,- ,1/2,2,- ,- ,2,- ,2,- ,- ,2
bug dark,- ,2,- ,- ,1/2,- ,- ,- ,1/2,2,0,2,2,1/2,- ,1/2,- ,2
bug steel,1/2,4,- ,- ,1/4,1/2,- ,0,- ,- ,1/2,1/2,- ,- ,1/2,- ,1/2,1/2
bug fairy,- ,2,- ,- ,1/2,- ,1/4,2,1/2,2,- ,1/2,2,- ,0,1/2,2,- 
attack → defense ↴,nor,fir,wat,ele,gra,ice,fig,poi,gro,fly,psy,bug,roc,gho,dra,dar,ste,fai
rock,1/2,1/2,2,- ,2,- ,2,1/2,2,1/2,- ,- ,- ,- ,- ,- ,2,- 
rock normal,1/2,1/2,2,- ,2,- ,4,1/2,2,1/2,- ,- ,- ,0,- ,- ,2,- 
rock fire,1/2,1/4,4,- ,- ,1/2,2,1/2,4,1/2,- ,1/2,2,- ,- ,- ,- ,1/2
rock water,1/2,1/4,- ,2,4,1/2,2,1/2,2,1/2,- ,- ,- ,- ,- ,- ,- ,- 
rock electric,1/2,1/2,2,1/2,2,- ,2,1/2,4,1/4,- ,- ,- ,- ,- ,- ,- ,- 
rock grass,1/2,- ,- ,1/2,- ,2,2,- ,- ,- ,- ,2,- ,- ,- ,- ,2,- 
rock ice,1/2,- ,2,- ,2,1/2,4,1/2,2,1/2,- ,- ,2,- ,- ,- ,4,- 
rock fighting,1/2,1/2,2,- ,2,- ,2,1/2,2,- ,2,1/2,1/2,- ,- ,1/2,2,2
rock poison,1/2,1/2,2,- ,- ,- ,- ,1/4,4,1/2,2,1/2,- ,- ,- ,- ,2,1/2
rock ground,1/2,1/2,4,0,4,2,2,1/4,2,1/2,- ,- ,1/2,- ,- ,- ,2,- 
rock flying,1/2,1/2,2,2,- ,2,- ,1/2,0,1/2,- ,1/2,2,- ,- ,- ,2,- 
rock psychic,1/2,1/2,2,- ,2,- ,- ,1/2,2,1/2,1/2,2,- ,2,- ,2,2,- 
rock bug,1/2,- ,2,- ,- ,- ,- ,1/2,- ,- ,- ,- ,2,- ,- ,- ,2,- 
rock ghost,0,1/2,2,- ,2,- ,0,1/4,2,1/2,- ,1/2,- ,2,- ,2,2,- 
rock dragon,1/2,1/4,- ,1/2,- ,2,2,1/2,2,1/2,- ,- ,- ,- ,2,- ,2,2
rock dark,1/2,1/2,2,- ,2,- ,4,1/2,2,1/2,0,2,- ,1/2,- ,1/2,2,2
rock steel,1/4,- ,2,- ,- ,1/2,4,0,4,1/4,1/2,1/2,1/2,- ,1/2,- ,- ,1/2
rock fairy,1/2,1/2,2,- ,2,- ,- ,- ,2,1/2,- ,1/2,- ,- ,0,1/2,4,- 
attack → defense ↴,nor,fir,wat,ele,gra,ice,fig,poi,gro,fly,psy,bug,roc,gho,dra,dar,ste,fai
ghost,0,- ,- ,- ,- ,- ,0,1/2,- ,- ,- ,1/2,- ,2,- ,2,- ,- 
ghost normal,0,- ,- ,- ,- ,- ,0,1/2,- ,- ,- ,1/2,- ,0,- ,2,- ,- 
ghost fire,0,1/2,2,- ,1/2,1/2,0,1/2,2,- ,- ,1/4,2,2,- ,2,1/2,1/2
ghost water,0,1/2,1/2,2,2,1/2,0,1/2,- ,- ,- ,1/2,- ,2,- ,2,1/2,- 
ghost electric,0,- ,- ,1/2,- ,- ,0,1/2,2,1/2,- ,1/2,- ,2,- ,2,1/2,- 
ghost grass,0,2,1/2,1/2,1/2,2,0,- ,1/2,2,- ,- ,- ,2,- ,2,- ,- 
ghost ice,0,2,- ,- ,- ,1/2,0,1/2,- ,- ,- ,1/2,2,2,- ,2,2,- 
ghost fighting,0,- ,- ,- ,- ,- ,0,1/2,- ,2,2,1/4,1/2,2,- ,- ,- ,2
ghost poison,0,- ,- ,- ,1/2,- ,0,1/4,2,- ,2,1/4,- ,2,- ,2,- ,1/2
ghost ground,0,- ,2,0,2,2,0,1/4,- ,- ,- ,1/2,1/2,2,- ,2,- ,- 
ghost flying,0,- ,- ,2,1/2,2,0,1/2,0,- ,- ,1/4,2,2,- ,2,- ,- 
ghost psychic,0,- ,- ,- ,- ,- ,0,1/2,- ,- ,1/2,- ,- ,4,- ,4,- ,- 
ghost bug,0,2,- ,- ,1/2,- ,0,1/2,1/2,2,- ,1/2,2,2,- ,2,- ,- 
ghost rock,0,1/2,2,- ,2,- ,0,1/4,2,1/2,- ,1/2,- ,2,- ,2,2,- 
ghost dragon,0,1/2,1/2,1/2,1/2,2,0,1/2,- ,- ,- ,1/2,- ,2,2,2,- ,2
ghost dark,0,- ,- ,- ,- ,- ,0,1/2,- ,- ,0,- ,- ,- ,- ,- ,- ,2
ghost steel,0,2,- ,- ,1/2,1/2,0,0,2,1/2,1/2,1/4,1/2,2,1/2,2,1/2,1/2
ghost fairy,0,- ,- ,- ,- ,- ,0,- ,- ,- ,- ,1/4,- ,2,0,- ,2,- 
attack → defense ↴,nor,fir,wat,ele,gra,ice,fig,poi,gro,fly,psy,bug,roc,gho,dra,dar,ste,fai
dragon,- ,1/2,1/2,1/2,1/2,2,- ,- ,- ,- ,- ,- ,- ,- ,2,- ,- ,2
dragon normal,- ,1/2,1/2,1/2,1/2,2,2,- ,- ,- ,- ,- ,- ,0,2,- ,- ,2
dragon fire,- ,1/4,- ,1/2,1/4,- ,- ,- ,2,- ,- ,1/2,2,- ,2,- ,1/2,- 
dragon water,- ,1/4,1/4,- ,- ,- ,- ,- ,- ,- ,- ,- ,- ,- ,2,- ,1/2,2
dragon electric,- ,1/2,1/2,1/4,1/2,2,- ,- ,2,1/2,- ,- ,- ,- ,2,- ,1/2,2
dragon grass,- ,- ,1/4,1/4,1/4,4,- ,2,1/2,2,- ,2,- ,- ,2,- ,- ,2
dragon ice,- ,- ,1/2,1/2,1/2,- ,2,- ,- ,- ,- ,- ,2,- ,2,- ,2,2
dragon fighting,- ,1/2,1/2,1/2,1/2,2,- ,- ,- ,2,2,1/2,1/2,- ,2,1/2,- ,4
dragon poison,- ,1/2,1/2,1/2,1/4,2,1/2,1/2,2,- ,2,1/2,- ,- ,2,- ,- ,- 
dragon ground,- ,1/2,- ,0,- ,4,- ,1/2,- ,- ,- ,- ,1/2,- ,2,- ,- ,2
dragon flying,- ,1/2,1/2,- ,1/4,4,1/2,- ,0,- ,- ,1/2,2,- ,2,- ,- ,2
dragon psychic,- ,1/2,1/2,1/2,1/2,2,1/2,- ,- ,- ,1/2,2,- ,2,2,2,- ,2
dragon bug,- ,- ,1/2,1/2,1/4,2,1/2,- ,1/2,2,- ,- ,2,- ,2,- ,- ,2
dragon rock,1/2,1/4,- ,1/2,- ,2,2,1/2,2,1/2,- ,- ,- ,- ,2,- ,2,2
dragon ghost,0,1/2,1/2,1/2,1/2,2,0,1/2,- ,- ,- ,1/2,- ,2,2,2,- ,2
dragon dark,- ,1/2,1/2,1/2,1/2,2,2,- ,- ,- ,0,2,- ,1/2,2,1/2,- ,4
dragon steel,1/2,- ,1/2,1/2,1/4,- ,2,0,2,1/2,1/2,1/2,1/2,- ,- ,- ,1/2,- 
dragon fairy,- ,1/2,1/2,1/2,1/2,2,1/2,2,- ,- ,- ,1/2,- ,- ,0,1/2,2,2
attack → defense ↴,nor,fir,wat,ele,gra,ice,fig,poi,gro,fly,psy,bug,roc,gho,dra,dar,ste,fai
dark,- ,- ,- ,- ,- ,- ,2,- ,- ,- ,0,2,- ,1/2,- ,1/2,- ,2
dark normal,- ,- ,- ,- ,- ,- ,4,- ,- ,- ,0,2,- ,0,- ,1/2,- ,2
dark fire,- ,1/2,2,- ,1/2,1/2,2,- ,2,- ,0,- ,2,1/2,- ,1/2,1/2,- 
dark water,- ,1/2,1/2,2,2,1/2,2,- ,- ,- ,0,2,- ,1/2,- ,1/2,1/2,2
dark electric,- ,- ,- ,1/2,- ,- ,2,- ,2,1/2,0,2,- ,1/2,- ,1/2,1/2,2
dark grass,- ,2,1/2,1/2,1/2,2,2,2,1/2,2,0,4,- ,1/2,- ,1/2,- ,2
dark ice,- ,2,- ,- ,- ,1/2,4,- ,- ,- ,0,2,2,1/2,- ,1/2,2,2
dark fighting,- ,- ,- ,- ,- ,- ,2,- ,- ,2,0,- ,1/2,1/2,- ,1/4,- ,4
dark poison,- ,- ,- ,- ,1/2,- ,- ,1/2,2,- ,0,- ,- ,1/2,- ,1/2,- ,- 
dark ground,- ,- ,2,0,2,2,2,1/2,- ,- ,0,2,1/2,1/2,- ,1/2,- ,2
dark flying,- ,- ,- ,2,1/2,2,- ,- ,0,- ,0,- ,2,1/2,- ,1/2,- ,2
dark psychic,- ,- ,- ,- ,- ,- ,- ,- ,- ,- ,0,4,- ,- ,- ,- ,- ,2
dark bug,- ,2,- ,- ,1/2,- ,- ,- ,1/2,2,0,2,2,1/2,- ,1/2,- ,2
dark rock,1/2,1/2,2,- ,2,- ,4,1/2,2,1/2,0,2,- ,1/2,- ,1/2,2,2
dark ghost,0,- ,- ,- ,- ,- ,0,1/2,- ,- ,0,- ,- ,- ,- ,- ,- ,2
dark dragon,- ,1/2,1/2,1/2,1/2,2,2,- ,- ,- ,0,2,- ,1/2,2,1/2,- ,4
dark steel,1/2,2,- ,- ,1/2,1/2,4,0,2,1/2,0,- ,1/2,1/2,1/2,1/2,1/2,- 
dark fairy,- ,- ,- ,- ,- ,- ,- ,2,- ,- ,0,- ,- ,1/2,0,1/4,2,2
attack → defense ↴,nor,fir,wat,ele,gra,ice,fig,poi,gro,fly,psy,bug,roc,gho,dra,dar,ste,fai
steel,1/2,2,- ,- ,1/2,1/2,2,0,2,1/2,1/2,1/2,1/2,- ,1/2,- ,1/2,1/2
steel normal,1/2,2,- ,- ,1/2,1/2,4,0,2,1/2,1/2,1/2,1/2,0,1/2,- ,1/2,1/2
steel fire,1/2,- ,2,- ,1/4,1/4,2,0,4,1/2,1/2,1/4,- ,- ,1/2,- ,1/4,1/4
steel water,1/2,- ,1/2,2,- ,1/4,2,0,2,1/2,1/2,1/2,1/2,- ,1/2,- ,1/4,1/2
steel electric,1/2,2,- ,1/2,1/2,1/2,2,0,4,1/4,1/2,1/2,1/2,- ,1/2,- ,1/4,1/2
steel grass,1/2,4,1/2,1/2,1/4,- ,2,0,- ,- ,1/2,- ,1/2,- ,1/2,- ,1/2,1/2
steel ice,1/2,4,- ,- ,1/2,1/4,4,0,2,1/2,1/2,1/2,- ,- ,1/2,- ,- ,1/2
steel fighting,1/2,2,- ,- ,1/2,1/2,2,0,2,- ,- ,1/4,1/4,- ,1/2,1/2,1/2,- 
steel poison,1/2,2,- ,- ,1/4,1/2,- ,0,4,1/2,- ,1/4,1/2,- ,1/2,- ,1/2,1/4
steel ground,1/2,2,2,0,- ,- ,2,0,2,1/2,1/2,1/2,1/4,- ,1/2,- ,1/2,1/2
steel flying,1/2,2,- ,2,1/4,- ,- ,0,0,1/2,1/2,1/4,- ,- ,1/2,- ,1/2,1/2
steel psychic,1/2,2,- ,- ,1/2,1/2,- ,0,2,1/2,1/4,- ,1/2,2,1/2,2,1/2,1/2
steel bug,1/2,4,- ,- ,1/4,1/2,- ,0,- ,- ,1/2,1/2,- ,- ,1/2,- ,1/2,1/2
steel rock,1/4,- ,2,- ,- ,1/2,4,0,4,1/4,1/2,1/2,1/2,- ,1/2,- ,- ,1/2
steel ghost,0,2,- ,- ,1/2,1/2,0,0,2,1/2,1/2,1/4,1/2,2,1/2,2,1/2,1/2
steel dragon,1/2,- ,1/2,1/2,1/4,- ,2,0,2,1/2,1/2,1/2,1/2,- ,- ,- ,1/2,- 
steel dark,1/2,2,- ,- ,1/2,1/2,4,0,2,1/2,0,- ,1/2,1/2,1/2,1/2,1/2,- 
steel fairy,1/2,2,- ,- ,1/2,1/2,- ,0,2,1/2,1/2,1/4,1/2,- ,0,1/2,- ,1/2
attack → defense ↴,nor,fir,wat,ele,gra,ice,fig,poi,gro,fly,psy,bug,roc,gho,dra,dar,ste,fai
fairy,- ,- ,- ,- ,- ,- ,1/2,2,- ,- ,- ,1/2,- ,- ,0,1/2,2,- 
fairy normal,- ,- ,- ,- ,- ,- ,- ,2,- ,- ,- ,1/2,- ,0,0,1/2,2,- 
fairy fire,- ,1/2,2,- ,1/2,1/2,1/2,2,2,- ,- ,1/4,2,- ,0,1/2,- ,1/2
fairy water,- ,1/2,1/2,2,2,1/2,1/2,2,- ,- ,- ,1/2,- ,- ,0,1/2,- ,- 
fairy electric,- ,- ,- ,1/2,- ,- ,1/2,2,2,1/2,- ,1/2,- ,- ,0,1/2,- ,- 
fairy grass,- ,2,1/2,1/2,1/2,2,1/2,4,1/2,2,- ,- ,- ,- ,0,1/2,2,- 
fairy ice,- ,2,- ,- ,- ,1/2,- ,2,- ,- ,- ,1/2,2,- ,0,1/2,4,- 
fairy fighting,- ,- ,- ,- ,- ,- ,1/2,2,- ,2,2,1/4,1/2,- ,0,1/4,2,2
fairy poison,- ,- ,- ,- ,1/2,- ,1/4,- ,2,- ,2,1/4,- ,- ,0,1/2,2,1/2
fairy ground,- ,- ,2,0,2,2,1/2,- ,- ,- ,- ,1/2,1/2,- ,0,1/2,2,- 
fairy flying,- ,- ,- ,2,1/2,2,1/4,2,0,- ,- ,1/4,2,- ,0,1/2,2,- 
fairy psychic,- ,- ,- ,- ,- ,- ,1/4,2,- ,- ,1/2,- ,- ,2,0,- ,2,- 
fairy bug,- ,2,- ,- ,1/2,- ,1/4,2,1/2,2,- ,1/2,2,- ,0,1/2,2,- 
fairy rock,1/2,1/2,2,- ,2,- ,- ,- ,2,1/2,- ,1/2,- ,- ,0,1/2,4,- 
fairy ghost,0,- ,- ,- ,- ,- ,0,- ,- ,- ,- ,1/4,- ,2,0,- ,2,- 
fairy dragon,- ,1/2,1/2,1/2,1/2,2,1/2,2,- ,- ,- ,1/2,- ,- ,0,1/2,2,2
fairy dark,- ,- ,- ,- ,- ,- ,- ,2,- ,- ,0,- ,- ,1/2,0,1/4,2,2
fairy steel,1/2,2,- ,- ,1/2,1/2,- ,0,2,1/2,1/2,1/4,1/2,- ,0,1/2,- ,1/2
